,job_id,telecommuting,has_company_logo,has_questions,fraudulent
count,17880.0,17880.0,17880.0,17880.0,17880.0
mean,8940.5,0.04289709172259508,0.7953020134228188,0.4917225950782998,0.04843400447427293
std,5161.655742104465,0.2026307667204616,0.403492039995464,0.4999454606459964,0.2146875158600264
min,1.0,0.0,0.0,0.0,0.0
25%,4470.75,0.0,1.0,0.0,0.0
50%,8940.5,0.0,1.0,0.0,0.0
75%,13410.25,0.0,1.0,1.0,0.0
max,17880.0,1.0,1.0,1.0,1.0
